{
	"name": {
		"common": "Alabama",
		"native": {
			"en": {
				"common": "Alabama"
			}
		}
	},
	"type": "state",
	"divisions": [
		{ "type": "county", "name": "Autauga County" },
		{ "type": "county", "name": "Baldwin County" },
		{ "type": "county", "name": "Barbour County" },
		{ "type": "county", "name": "Bibb County" },
		{ "type": "county", "name": "Blount County" },
		{ "type": "county", "name": "Bullock County" },
		{ "type": "county", "name": "Butler County" },
		{ "type": "county", "name": "Calhoun County" },
		{ "type": "county", "name": "Chambers County" },
		{ "type": "county", "name": "Cherokee County" },
		{ "type": "county", "name": "Chilton County" },
		{ "type": "county", "name": "Choctaw County" },
		{ "type": "county", "name": "Clarke County" },
		{ "type": "county", "name": "Clay County" },
		{ "type": "county", "name": "Cleburne County" },
		{ "type": "county", "name": "Coffee County" },
		{ "type": "county", "name": "Colbert County" },
		{ "type": "county", "name": "Conecuh County" },
		{ "type": "county", "name": "Coosa County" },
		{ "type": "county", "name": "Covington County" },
		{ "type": "county", "name": "Crenshaw County" },
		{ "type": "county", "name": "Cullman County" },
		{ "type": "county", "name": "Dale County" },
		{ "type": "county", "name": "Dallas County" },
		{ "type": "county", "name": "DeKalb County" },
		{ "type": "county", "name": "Elmore County" },
		{ "type": "county", "name": "Escambia County" },
		{ "type": "county", "name": "Etowah County" },
		{ "type": "county", "name": "Fayette County" },
		{ "type": "county", "name": "Franklin County" },
		{ "type": "county", "name": "Geneva County" },
		{ "type": "county", "name": "Greene County" },
		{ "type": "county", "name": "Hale County" },
		{ "type": "county", "name": "Henry County" },
		{ "type": "county", "name": "Houston County" },
		{ "type": "county", "name": "Jackson County" },
		{ "type": "county", "name": "Jefferson County" },
		{ "type": "county", "name": "Lamar County" },
		{ "type": "county", "name": "Lauderdale County" },
		{ "type": "county", "name": "Lawrence County" },
		{ "type": "county", "name": "Lee County" },
		{ "type": "county", "name": "Limestone County" },
		{ "type": "county", "name": "Lowndes County" },
		{ "type": "county", "name": "Macon County" },
		{ "type": "county", "name": "Madison County" },
		{ "type": "county", "name": "Marengo County" },
		{ "type": "county", "name": "Marion County" },
		{ "type": "county", "name": "Marshall County" },
		{ "type": "county", "name": "Mobile County" },
		{ "type": "county", "name": "Monroe County" },
		{ "type": "county", "name": "Montgomery County" },
		{ "type": "county", "name": "Morgan County" },
		{ "type": "county", "name": "Perry County" },
		{ "type": "county", "name": "Pickens County" },
		{ "type": "county", "name": "Pike County" },
		{ "type": "county", "name": "Randolph County" },
		{ "type": "county", "name": "Russell County" },
		{ "type": "county", "name": "Saint Clair County" },
		{ "type": "county", "name": "Shelby County" },
		{ "type": "county", "name": "Sumter County" },
		{ "type": "county", "name": "Talladega County" },
		{ "type": "county", "name": "Tallapoosa County" },
		{ "type": "county", "name": "Tuscaloosa County" },
		{ "type": "county", "name": "Walker County" },
		{ "type": "county", "name": "Washington County" },
		{ "type": "county", "name": "Wilcox County" },
		{ "type": "county", "name": "Winston County" }
	]
},
{
	"name": {
		"common": "Alaska",
		"native": {
			"en": {
				"common": "Alaska"
			}
		}
	},
	"type": "state",
	"divisions": [
		{ "type": "county", "name": "Aleutians East Boroughy" },
		{ "type": "county", "name": "Aleutians West Census Area" },
		{ "type": "county", "name": "Anchorage Municipality" },
		{ "type": "county", "name": "Annette Island Reserve" },
		{ "type": "county", "name": "Bethel Census Area" },
		{ "type": "county", "name": "Bristol Bay Borough" },
		{ "type": "county", "name": "City and Borough of Wrangell" },
		{ "type": "county", "name": "Denali Borough" },
		{ "type": "county", "name": "Dillingham Census Area" },
		{ "type": "county", "name": "Fairbanks North Star Borough" },
		{ "type": "county", "name": "Haines Borough" },
		{ "type": "county", "name": "Hoonah-Angoon Census Area" },
		{ "type": "county", "name": "Juneau City and Borough" },
		{ "type": "county", "name": "Kenai Peninsula Borough" },
		{ "type": "county", "name": "Ketchikan Gateway Borough" },
		{ "type": "county", "name": "Kodiak Island Borough" },
		{ "type": "county", "name": "Lake and Peninsula Borough" },
		{ "type": "county", "name": "Matanuska-Susitna Borough" },
		{ "type": "county", "name": "Nome Census Area" },
		{ "type": "county", "name": "North Slope Borough" },
		{ "type": "county", "name": "Northwest Arctic Borough" },
		{ "type": "county", "name": "Petersburg Census Area" },
		{ "type": "county", "name": "Prince of Wales-Outer Ketchikan Census Area" },
		{ "type": "county", "name": "Sitka City and Borough" },
		{ "type": "county", "name": "Skagway Municipality" },
		{ "type": "county", "name": "Southeast Fairbanks Census Area" },
		{ "type": "county", "name": "Valdez-Cordova Census Area" },
		{ "type": "county", "name": "Wade Hampton Census Area" },
		{ "type": "county", "name": "Wrangell-Petersburg Census Area" },
		{ "type": "county", "name": "Yakutat City and Borough" },
		{ "type": "county", "name": "Yukon-Koyukuk Census Area" }
	]
},
{
	"name": {
		"common": "Arizona",
		"native": {
			"en": {
				"common": "Arizona"
			}
		}
	},
	"type": "state",
	"divisions": [
		{ "type": "county", "name": "Apache County" },
		{ "type": "county", "name": "Cochise County" },
		{ "type": "county", "name": "Coconino County" },
		{ "type": "county", "name": "Gila County" },
		{ "type": "county", "name": "Graham County" },
		{ "type": "county", "name": "Greenlee County" },
		{ "type": "county", "name": "La Paz County" },
		{ "type": "county", "name": "Maricopa County" },
		{ "type": "county", "name": "Mohave County" },
		{ "type": "county", "name": "Navajo County" },
		{ "type": "county", "name": "Pima County" },
		{ "type": "county", "name": "Pinal County" },
		{ "type": "county", "name": "Santa Cruz County" },
		{ "type": "county", "name": "Yavapai County" },
		{ "type": "county", "name": "Yuma County" }
	]
},
{
	"name": {
		"common": "Arkansas",
		"native": {
			"en": {
				"common": "Arkansas"
			}
		}
	},
	"type": "state",
	"divisions": [
		{ "type": "county", "name": "Arkansas County" },
		{ "type": "county", "name": "Ashley County" },
		{ "type": "county", "name": "Baxter County" },
		{ "type": "county", "name": "Benton County" },
		{ "type": "county", "name": "Boone County" },
		{ "type": "county", "name": "Bradley County" },
		{ "type": "county", "name": "Calhoun County" },
		{ "type": "county", "name": "Carroll County" },
		{ "type": "county", "name": "Chicot County" },
		{ "type": "county", "name": "Clark County" },
		{ "type": "county", "name": "Clay County" },
		{ "type": "county", "name": "Cleburne County" },
		{ "type": "county", "name": "Cleveland County" },
		{ "type": "county", "name": "Columbia County" },
		{ "type": "county", "name": "Conway County" },
		{ "type": "county", "name": "Craighead County" },
		{ "type": "county", "name": "Crawford County" },
		{ "type": "county", "name": "Crittenden County" },
		{ "type": "county", "name": "Cross County" },
		{ "type": "county", "name": "Dallas County" },
		{ "type": "county", "name": "Desha County" },
		{ "type": "county", "name": "Drew County" },
		{ "type": "county", "name": "Faulkner County" },
		{ "type": "county", "name": "Franklin County" },
		{ "type": "county", "name": "Fulton County" },
		{ "type": "county", "name": "Garland County" },
		{ "type": "county", "name": "Grant County" },
		{ "type": "county", "name": "Greene County" },
		{ "type": "county", "name": "Fayette County" },
		{ "type": "county", "name": "Franklin County" },
		{ "type": "county", "name": "Geneva County" },
		{ "type": "county", "name": "Greene County" },
		{ "type": "county", "name": "Hempstead County" },
		{ "type": "county", "name": "Hot Spring County" },
		{ "type": "county", "name": "Howard County" },
		{ "type": "county", "name": "Independence County" },
		{ "type": "county", "name": "Izard County" },
		{ "type": "county", "name": "Jackson County" },
		{ "type": "county", "name": "Jefferson County" },
		{ "type": "county", "name": "Johnson County" },
		{ "type": "county", "name": "Lafayette County" },
		{ "type": "county", "name": "Lawrence County" },
		{ "type": "county", "name": "Lee County" },
		{ "type": "county", "name": "Lincoln County" },
		{ "type": "county", "name": "Little River County" },
		{ "type": "county", "name": "Logan County" },
		{ "type": "county", "name": "Lonoke County" },
		{ "type": "county", "name": "Madison County" },
		{ "type": "county", "name": "Marion County" },
		{ "type": "county", "name": "Miller County" },
		{ "type": "county", "name": "Mississippi County" },
		{ "type": "county", "name": "Monroe County" },
		{ "type": "county", "name": "Montgomery County" },
		{ "type": "county", "name": "Nevada County" },
		{ "type": "county", "name": "Newton County" },
		{ "type": "county", "name": "Ouachita County" },
		{ "type": "county", "name": "Perry County" },
		{ "type": "county", "name": "Phillips County" },
		{ "type": "county", "name": "Pike County" },
		{ "type": "county", "name": "Poinsett County" },
		{ "type": "county", "name": "Polk County" },
		{ "type": "county", "name": "Pope County" },
		{ "type": "county", "name": "Prairie County" },
		{ "type": "county", "name": "Pulaski County" },
		{ "type": "county", "name": "Randolph County" },
		{ "type": "county", "name": "Saint Francis County" },
		{ "type": "county", "name": "Saline County" },
		{ "type": "county", "name": "Scott County" },
		{ "type": "county", "name": "Searcy County" },
		{ "type": "county", "name": "Sebastian County" },
		{ "type": "county", "name": "Sevier County" },
		{ "type": "county", "name": "Sharp County" },
		{ "type": "county", "name": "Stone County" },
		{ "type": "county", "name": "Union County" },
		{ "type": "county", "name": "Van Buren County" },
		{ "type": "county", "name": "Washington County" },
		{ "type": "county", "name": "White County" },
		{ "type": "county", "name": "Woodruff County" },
		{ "type": "county", "name": "Yell County" }	
	]
},
{
	"name": {
		"common": "California",
		"native": {
			"en": {
				"common": "California"
			}
		}
	},
	"type": "state",
	"divisions": [
		{ "type": "county", "name": "Alameda County" },
		{ "type": "county", "name": "Alpine County" },
		{ "type": "county", "name": "Amador County" },
		{ "type": "county", "name": "Butte County" },
		{ "type": "county", "name": "Calaveras County" },
		{ "type": "county", "name": "Colusa County" },
		{ "type": "county", "name": "Contra Costa County" },
		{ "type": "county", "name": "Del Norte County" },
		{ "type": "county", "name": "El Dorado County" },
		{ "type": "county", "name": "Fresno County" },
		{ "type": "county", "name": "Humboldt County" },
		{ "type": "county", "name": "Imperial County" },
		{ "type": "county", "name": "Inyo County" },
		{ "type": "county", "name": "Kern County" },
		{ "type": "county", "name": "Kings County" },
		{ "type": "county", "name": "Lake County" },
		{ "type": "county", "name": "Lassen County" },
		{ "type": "county", "name": "Los Angeles County" },
		{ "type": "county", "name": "Madera County" },
		{ "type": "county", "name": "Marin County" },
		{ "type": "county", "name": "Mariposa County" },
		{ "type": "county", "name": "Mendocino County" },
		{ "type": "county", "name": "Merced County" },
		{ "type": "county", "name": "Modoc County" },
		{ "type": "county", "name": "Mono County" },
		{ "type": "county", "name": "Monterey County" },
		{ "type": "county", "name": "Napa County" },
		{ "type": "county", "name": "Nevada County" },
		{ "type": "county", "name": "Orange County" },
		{ "type": "county", "name": "Placer County" },
		{ "type": "county", "name": "Plumas County" },
		{ "type": "county", "name": "Riverside County" },
		{ "type": "county", "name": "Sacramento County" },
		{ "type": "county", "name": "San Benito County" },
		{ "type": "county", "name": "San Bernardino County" },
		{ "type": "county", "name": "San Diego County" },
		{ "type": "county", "name": "San Francisco County" },
		{ "type": "county", "name": "San Joaquin County" },
		{ "type": "county", "name": "San Luis Obispo County" },
		{ "type": "county", "name": "San Mateo County" },
		{ "type": "county", "name": "Santa Barbara County" },
		{ "type": "county", "name": "Santa Clara County" },
		{ "type": "county", "name": "Santa Cruz County" },
		{ "type": "county", "name": "Shasta County" },
		{ "type": "county", "name": "Sierra County" },
		{ "type": "county", "name": "Siskiyou County" },
		{ "type": "county", "name": "Solano County" },
		{ "type": "county", "name": "Sonoma County" },
		{ "type": "county", "name": "Stanislaus County" },
		{ "type": "county", "name": "Sutter County" },
		{ "type": "county", "name": "Tehama County" },
		{ "type": "county", "name": "Trinity County" },
		{ "type": "county", "name": "Tulare County" },
		{ "type": "county", "name": "Tuolumne County" },
		{ "type": "county", "name": "Ventura County" },
		{ "type": "county", "name": "Yolo County" },
		{ "type": "county", "name": "Yuba County" }
	]
},
{
	"name": {
		"common": "Colorado",
		"native": {
			"en": {
				"common": "Colorado"
			}
		}
	},
	"type": "state",
	"divisions": [
		{ "type": "county", "name": "Adams County" },
		{ "type": "county", "name": "Alamosa County" },
		{ "type": "county", "name": "Arapahoe County" },
		{ "type": "county", "name": "Archuleta County" },
		{ "type": "county", "name": "Baca County" },
		{ "type": "county", "name": "Bent County" },
		{ "type": "county", "name": "Boulder County" },
		{ "type": "county", "name": "Broomfield County" },
		{ "type": "county", "name": "Chaffee County" },
		{ "type": "county", "name": "Cheyenne County" },
		{ "type": "county", "name": "Clear Creek County" },
		{ "type": "county", "name": "Conejos County" },
		{ "type": "county", "name": "Costilla County" },
		{ "type": "county", "name": "Crowley County" },
		{ "type": "county", "name": "Custer County" },
		{ "type": "county", "name": "Delta County" },
		{ "type": "county", "name": "Denver County" },
		{ "type": "county", "name": "Dolores County" },
		{ "type": "county", "name": "Douglas County" },
		{ "type": "county", "name": "Eagle County" },
		{ "type": "county", "name": "El Paso County" },
		{ "type": "county", "name": "Elbert County" },
		{ "type": "county", "name": "Fremont County" },
		{ "type": "county", "name": "Garfield" },
		{ "type": "county", "name": "Gilpin County" },
		{ "type": "county", "name": "Grand County" },
		{ "type": "county", "name": "Gunnison County" },
		{ "type": "county", "name": "Hinsdale County" },
		{ "type": "county", "name": "Huerfano County" },
		{ "type": "county", "name": "Jackson County" },
		{ "type": "county", "name": "Jefferson County" },
		{ "type": "county", "name": "Kiowa County" },
		{ "type": "county", "name": "Kit Carson County" },
		{ "type": "county", "name": "La Plata County" },
		{ "type": "county", "name": "Lake County" },
		{ "type": "county", "name": "Larimer County" },
		{ "type": "county", "name": "Las Animas County" },
		{ "type": "county", "name": "Lincoln County" },
		{ "type": "county", "name": "Logan County" },
		{ "type": "county", "name": "Mesa County" },
		{ "type": "county", "name": "Mineral County" },
		{ "type": "county", "name": "Moffat County" },
		{ "type": "county", "name": "Montezuma County" },
		{ "type": "county", "name": "Montrose County" },
		{ "type": "county", "name": "Morgan County" },
		{ "type": "county", "name": "Otero County" },
		{ "type": "county", "name": "Ouray County" },
		{ "type": "county", "name": "Park County" },
		{ "type": "county", "name": "Phillips County" },
		{ "type": "county", "name": "Pitkin County" },
		{ "type": "county", "name": "Prowers County" },
		{ "type": "county", "name": "Pueblo County" },
		{ "type": "county", "name": "Rio Blanco County" },
		{ "type": "county", "name": "Rio Grande County" },
		{ "type": "county", "name": "Routt County" },
		{ "type": "county", "name": "Saguache County" },
		{ "type": "county", "name": "San Juan County" },
		{ "type": "county", "name": "San Miguel County" },
		{ "type": "county", "name": "Sedgwick County" },
		{ "type": "county", "name": "Summit County" },
		{ "type": "county", "name": "Teller County" },
		{ "type": "county", "name": "Washington County" },
		{ "type": "county", "name": "Weld County" },
		{ "type": "county", "name": "Yuma County" }
	]
},
{
	"name": {
		"common": "Connecticut",
		"native": {
			"en": {
				"common": "Connecticut"
			}
		}
	},
	"type": "state",
	"divisions": [
		{ "type": "county", "name": "Fairfield County" },
		{ "type": "county", "name": "Hartford County" },
		{ "type": "county", "name": "Litchfield County" },
		{ "type": "county", "name": "Middlesex County" },
		{ "type": "county", "name": "New Haven County" },
		{ "type": "county", "name": "New London County" },
		{ "type": "county", "name": "Tolland County" },
		{ "type": "county", "name": "Windham County" }
	]
},
{
	"name": {
		"common": "Delaware",
		"native": {
			"en": {
				"common": "Delaware"
			}
		}
	},
	"type": "state",
	"divisions": [
		{ "type": "county", "name": "Kent County" },
		{ "type": "county", "name": "New Castle County" },
		{ "type": "county", "name": "Sussex County" }
	]
},
{
	"name": {
		"common": "Florida",
		"native": {
			"en": {
				"common": "Florida"
			}
		}
	},
	"type": "state",
	"divisions": [
		{ "type": "county", "name": "Alachua County" },
		{ "type": "county", "name": "Baker County" },
		{ "type": "county", "name": "Bay County" },
		{ "type": "county", "name": "Bradford County" },
		{ "type": "county", "name": "Brevard County" },
		{ "type": "county", "name": "Broward County" },
		{ "type": "county", "name": "Calhoun County" },
		{ "type": "county", "name": "Charlotte County" },
		{ "type": "county", "name": "Citrus County" },
		{ "type": "county", "name": "Clay County" },
		{ "type": "county", "name": "Collier County" },
		{ "type": "county", "name": "Columbia County" },
		{ "type": "county", "name": "DeSoto County" },
		{ "type": "county", "name": "Dixie County" },
		{ "type": "county", "name": "Duval County" },
		{ "type": "county", "name": "Escambia County" },
		{ "type": "county", "name": "Flagler County" },
		{ "type": "county", "name": "Franklin County" },
		{ "type": "county", "name": "Gadsden County" },
		{ "type": "county", "name": "Gilchrist County" },
		{ "type": "county", "name": "Glades County" },
		{ "type": "county", "name": "Gulf County" },
		{ "type": "county", "name": "Hamilton County" },
		{ "type": "county", "name": "Hendry County" },
		{ "type": "county", "name": "Hernando County" },
		{ "type": "county", "name": "Highlands County" },
		{ "type": "county", "name": "Hillsborough County" },
		{ "type": "county", "name": "Holmes County" },
		{ "type": "county", "name": "Indian River County" },
		{ "type": "county", "name": "Jackson County" },
		{ "type": "county", "name": "Jefferson County" },
		{ "type": "county", "name": "Lafayette County" },
		{ "type": "county", "name": "Lake Carson County" },
		{ "type": "county", "name": "Lee County" },
		{ "type": "county", "name": "Leon County" },
		{ "type": "county", "name": "Levy County" },
		{ "type": "county", "name": "Liberty County" },
		{ "type": "county", "name": "Madison County" },
		{ "type": "county", "name": "Manatee County" },
		{ "type": "county", "name": "Marion County" },
		{ "type": "county", "name": "Martin County" },
		{ "type": "county", "name": "Miami-Dade" },
		{ "type": "county", "name": "Monroe County" },
		{ "type": "county", "name": "Nassau County" },
		{ "type": "county", "name": "Okaloosa County" },
		{ "type": "county", "name": "Okeechobee County" },
		{ "type": "county", "name": "Orange County" },
		{ "type": "county", "name": "Osceola County" },
		{ "type": "county", "name": "Palm Beach" },
		{ "type": "county", "name": "Pasco County" },
		{ "type": "county", "name": "Pinellas County" },
		{ "type": "county", "name": "Polk County" },
		{ "type": "county", "name": "Putnam County" },
		{ "type": "county", "name": "Saint Johns County" },
		{ "type": "county", "name": "Saint Lucie County" },
		{ "type": "county", "name": "Santa Rosa County" },
		{ "type": "county", "name": "Sarasota County" },
		{ "type": "county", "name": "Seminole County" },
		{ "type": "county", "name": "Sumter County" },
		{ "type": "county", "name": "Suwannee County" },
		{ "type": "county", "name": "Taylor County" },
		{ "type": "county", "name": "Union County" },
		{ "type": "county", "name": "Volusia County" },
		{ "type": "county", "name": "Wakulla County" },
		{ "type": "county", "name": "Walton County" },
		{ "type": "county", "name": "Washington County" }
	]
},
{
	"name": {
		"common": "Georgia",
		"native": {
			"en": {
				"common": "Georgia"
			}
		}
	},
	"type": "state",
	"divisions": [
		{ "type": "county", "name": "Appling County" },
		{ "type": "county", "name": "Atkinson County" },
		{ "type": "county", "name": "Bacon County" },
		{ "type": "county", "name": "Baker County" },
		{ "type": "county", "name": "Baldwin County" },
		{ "type": "county", "name": "Banks County" },
		{ "type": "county", "name": "Barrow County" },
		{ "type": "county", "name": "Bartow County" },
		{ "type": "county", "name": "Ben Hill County" },
		{ "type": "county", "name": "Berrien County" },
		{ "type": "county", "name": "Bibb County" },
		{ "type": "county", "name": "Bleckley County" },
		{ "type": "county", "name": "Brantley County" },
		{ "type": "county", "name": "Brooks County" },
		{ "type": "county", "name": "Bryan County" },
		{ "type": "county", "name": "Bulloch County" },
		{ "type": "county", "name": "Burke County" },
		{ "type": "county", "name": "Butts County" },
		{ "type": "county", "name": "Calhoun County" },
		{ "type": "county", "name": "Camden County" },
		{ "type": "county", "name": "Candler County" },
		{ "type": "county", "name": "Carroll County" },
		{ "type": "county", "name": "Catoosa County" },
		{ "type": "county", "name": "Charlton County" },
		{ "type": "county", "name": "Chatham County" },
		{ "type": "county", "name": "Chattahoochee County" },
		{ "type": "county", "name": "Chattooga County" },
		{ "type": "county", "name": "Cherokee County" },
		{ "type": "county", "name": "Clarke County" },
		{ "type": "county", "name": "Clay County" },
		{ "type": "county", "name": "Clayton County" },
		{ "type": "county", "name": "Clinch County" },
		{ "type": "county", "name": "Cobb County" },
		{ "type": "county", "name": "Coffee County" },
		{ "type": "county", "name": "Colquitt County" },
		{ "type": "county", "name": "Columbia County" },
		{ "type": "county", "name": "Cook County" },
		{ "type": "county", "name": "Coweta County" },
		{ "type": "county", "name": "Crawford County" },
		{ "type": "county", "name": "Crisp County" },
		{ "type": "county", "name": "Dade County" },
		{ "type": "county", "name": "Dawson County" },
		{ "type": "county", "name": "Decatur County" },
		{ "type": "county", "name": "DeKalb County" },
		{ "type": "county", "name": "Dodge County" },
		{ "type": "county", "name": "Dooly County" },
		{ "type": "county", "name": "Dougherty County" },
		{ "type": "county", "name": "Douglas County" },
		{ "type": "county", "name": "Early County" },
		{ "type": "county", "name": "Echols County" },
		{ "type": "county", "name": "Effingham County" },
		{ "type": "county", "name": "Elbert County" },
		{ "type": "county", "name": "Emanuel County" },
		{ "type": "county", "name": "Evans County" },
		{ "type": "county", "name": "Fannin County" },
		{ "type": "county", "name": "Fayette County" },
		{ "type": "county", "name": "Floyd County" },
		{ "type": "county", "name": "Forsyth County" },
		{ "type": "county", "name": "Franklin County" },
		{ "type": "county", "name": "Fulton County" },
		{ "type": "county", "name": "Gilmer County" },
		{ "type": "county", "name": "Glascock County" },
		{ "type": "county", "name": "Glynn County" },
		{ "type": "county", "name": "Gordon County" },
		{ "type": "county", "name": "Grady County" },
		{ "type": "county", "name": "Greene County" },
		{ "type": "county", "name": "Gwinnett County" },
		{ "type": "county", "name": "Habersham County" },
		{ "type": "county", "name": "Hall County" },
		{ "type": "county", "name": "Hancock County" },
		{ "type": "county", "name": "Haralson County" },
		{ "type": "county", "name": "Harris County" },
		{ "type": "county", "name": "Hart County" },
		{ "type": "county", "name": "Heard County" },
		{ "type": "county", "name": "Henry County" },
		{ "type": "county", "name": "Houston County" },
		{ "type": "county", "name": "Irwin County" },
		{ "type": "county", "name": "Jackson County" },
		{ "type": "county", "name": "Jasper County" },
		{ "type": "county", "name": "Jeff Davis County" },
		{ "type": "county", "name": "Jefferson County" },
		{ "type": "county", "name": "Jenkins County" },
		{ "type": "county", "name": "Johnson County" },
		{ "type": "county", "name": "Jones County" },
		{ "type": "county", "name": "Lamar County" },
		{ "type": "county", "name": "Lanier County" },
		{ "type": "county", "name": "Laurens County" },
		{ "type": "county", "name": "Lee County" },
		{ "type": "county", "name": "Liberty County" },
		{ "type": "county", "name": "Lincoln County" },
		{ "type": "county", "name": "Long County" },
		{ "type": "county", "name": "Lowndes County" },
		{ "type": "county", "name": "Lumpkin County" },
		{ "type": "county", "name": "Macon County" },
		{ "type": "county", "name": "Madison County" },
		{ "type": "county", "name": "Marion County" },
		{ "type": "county", "name": "McDuffie County" },
		{ "type": "county", "name": "McIntosh County" },
		{ "type": "county", "name": "Meriwether County" },
		{ "type": "county", "name": "Miller County" },
		{ "type": "county", "name": "Mitchell County" },
		{ "type": "county", "name": "Monroe County" },
		{ "type": "county", "name": "Montgomery County" },
		{ "type": "county", "name": "Morgan County" },
		{ "type": "county", "name": "Murray County" },
		{ "type": "county", "name": "Muscogee County" },
		{ "type": "county", "name": "Newton County" },
		{ "type": "county", "name": "Oconee County" },
		{ "type": "county", "name": "Oglethorpe County" },
		{ "type": "county", "name": "Paulding County" },
		{ "type": "county", "name": "Peach County" },
		{ "type": "county", "name": "Pickens County" },
		{ "type": "county", "name": "Pierce County" },
		{ "type": "county", "name": "Pike County" },
		{ "type": "county", "name": "Polk County" },
		{ "type": "county", "name": "Pulaski County" },
		{ "type": "county", "name": "Putnam County" },
		{ "type": "county", "name": "Quitman County" },
		{ "type": "county", "name": "Rabun County" },
		{ "type": "county", "name": "Randolph County" },
		{ "type": "county", "name": "Richmond County" },
		{ "type": "county", "name": "Rockdale County" },
		{ "type": "county", "name": "Schley County" },
		{ "type": "county", "name": "Screven County" },
		{ "type": "county", "name": "Seminole County" },
		{ "type": "county", "name": "Spalding County" },
		{ "type": "county", "name": "Stephens County" },
		{ "type": "county", "name": "Stewart County" },
		{ "type": "county", "name": "Sumter County" },
		{ "type": "county", "name": "Talbot County" },
		{ "type": "county", "name": "Taliaferro County" },
		{ "type": "county", "name": "Tattnall County" },
		{ "type": "county", "name": "Taylor County" },
		{ "type": "county", "name": "Telfair County" },
		{ "type": "county", "name": "Terrell County" },
		{ "type": "county", "name": "Thomas County" },
		{ "type": "county", "name": "Tift County" },
		{ "type": "county", "name": "Toombs County" },
		{ "type": "county", "name": "Towns County" },
		{ "type": "county", "name": "Treutlen County" },
		{ "type": "county", "name": "Troup County" },
		{ "type": "county", "name": "Turner County" },
		{ "type": "county", "name": "Twiggs County" },
		{ "type": "county", "name": "Union County" },
		{ "type": "county", "name": "Upson County" },
		{ "type": "county", "name": "Walker County" },
		{ "type": "county", "name": "Walton County" },
		{ "type": "county", "name": "Ware County" },
		{ "type": "county", "name": "Warren County" },
		{ "type": "county", "name": "Washington County" },
		{ "type": "county", "name": "Wayne County" },
		{ "type": "county", "name": "Webster County" },
		{ "type": "county", "name": "Wheeler County" },
		{ "type": "county", "name": "White County" },
		{ "type": "county", "name": "Whitfield County" },
		{ "type": "county", "name": "Wilcox County" },
		{ "type": "county", "name": "Wilkes County" },
		{ "type": "county", "name": "Wilkinson  County" },
		{ "type": "county", "name": "Worth County" }
	]
},
{
	"name": {
		"common": "Hawaii",
		"native": {
			"en": {
				"common": "Hawaii"
			}
		}
	},
	"type": "state",
	"divisions": [
		{ "type": "county", "name": "Hawaii County" },
		{ "type": "county", "name": "Honolulu County" },
		{ "type": "county", "name": "Kalawao County" },
		{ "type": "county", "name": "Kauai County" },
		{ "type": "county", "name": "Maui County" }
	]
},
{
	"name": {
		"common": "Idaho",
		"native": {
			"en": {
				"common": "Idaho"
			}
		}
	},
	"type": "state",
	"divisions": [
		{ "type": "county", "name": "Ada County" },
		{ "type": "county", "name": "Adams County" },
		{ "type": "county", "name": "Bannock County" },
		{ "type": "county", "name": "Bear Lake County" },
		{ "type": "county", "name": "Benewah County" },
		{ "type": "county", "name": "Bingham County" },
		{ "type": "county", "name": "Boise County" },
		{ "type": "county", "name": "Bonner County" },
		{ "type": "county", "name": "Bonneville County" },
		{ "type": "county", "name": "Boundary County" },
		{ "type": "county", "name": "Butte County" },
		{ "type": "county", "name": "Camas County" },
		{ "type": "county", "name": "Canyon County" },
		{ "type": "county", "name": "Caribou County" },
		{ "type": "county", "name": "Cassia County" },
		{ "type": "county", "name": "Clark County" },
		{ "type": "county", "name": "Clearwater County" },
		{ "type": "county", "name": "Custer County" },
		{ "type": "county", "name": "Elmore County" },
		{ "type": "county", "name": "Franklin County" },
		{ "type": "county", "name": "Fremont County" },
		{ "type": "county", "name": "Gem County" },
		{ "type": "county", "name": "Gooding County" },
		{ "type": "county", "name": "Idaho County" },
		{ "type": "county", "name": "Jefferson County" },
		{ "type": "county", "name": "Jerome County" },
		{ "type": "county", "name": "Kootenai County" },
		{ "type": "county", "name": "Latah County" },
		{ "type": "county", "name": "Lemhi County" },
		{ "type": "county", "name": "Lewis County" },
		{ "type": "county", "name": "Lincoln County" },
		{ "type": "county", "name": "Madison County" },
		{ "type": "county", "name": "Minidoka County" },
		{ "type": "county", "name": "Nez Perce County" },
		{ "type": "county", "name": "Oneida County" },
		{ "type": "county", "name": "Owyhee County" },
		{ "type": "county", "name": "Payette County" },
		{ "type": "county", "name": "Power County" },
		{ "type": "county", "name": "Shoshone County" },
		{ "type": "county", "name": "Teton County" },
		{ "type": "county", "name": "Twin Falls County" },
		{ "type": "county", "name": "Valley County" },
		{ "type": "county", "name": "Washington County" }
	]
},
{
	"name": {
		"common": "Illinois",
		"native": {
			"en": {
				"common": "Illinois"
			}
		}
	},
	"type": "state",
	"divisions": [
		{ "type": "county", "name": "Adams County" },
		{ "type": "county", "name": "Alexander County" },
		{ "type": "county", "name": "Bond County" },
		{ "type": "county", "name": "Boone County" },
		{ "type": "county", "name": "Brown County" },
		{ "type": "county", "name": "Bureau County" },
		{ "type": "county", "name": "Calhoun County" },
		{ "type": "county", "name": "Carroll County" },
		{ "type": "county", "name": "Cass County" },
		{ "type": "county", "name": "Champaign County" },
		{ "type": "county", "name": "Christian County" },
		{ "type": "county", "name": "Clark County" },
		{ "type": "county", "name": "Clay County" },
		{ "type": "county", "name": "Clinton County" },
		{ "type": "county", "name": "Coles County" },
		{ "type": "county", "name": "Cook County" },
		{ "type": "county", "name": "Crawford County" },
		{ "type": "county", "name": "Cumberland County" },
		{ "type": "county", "name": "DeKalb County" },
		{ "type": "county", "name": "DeWitt County" },
		{ "type": "county", "name": "Douglas County" },
		{ "type": "county", "name": "DuPage County" },
		{ "type": "county", "name": "Edgar County" },
		{ "type": "county", "name": "Edwards County" },
		{ "type": "county", "name": "Effingham County" },
		{ "type": "county", "name": "Fayette County" },
		{ "type": "county", "name": "Ford County" },
		{ "type": "county", "name": "Franklin County" },
		{ "type": "county", "name": "Fulton County" },
		{ "type": "county", "name": "Gallatin County" },
		{ "type": "county", "name": "Greene County" },
		{ "type": "county", "name": "Grundy County" },
		{ "type": "county", "name": "Hamilton County" },
		{ "type": "county", "name": "Hancock County" },
		{ "type": "county", "name": "Hardin County" },
		{ "type": "county", "name": "Henderson County" },
		{ "type": "county", "name": "Henry County" },
		{ "type": "county", "name": "Iroquois County" },
		{ "type": "county", "name": "Jackson County" },
		{ "type": "county", "name": "Jasper County" },
		{ "type": "county", "name": "Jefferson County" },
		{ "type": "county", "name": "Jersey County" },
		{ "type": "county", "name": "Jo Daviess County" },
		{ "type": "county", "name": "Johnson County" },
		{ "type": "county", "name": "Kane County" },
		{ "type": "county", "name": "Kankakee County" },
		{ "type": "county", "name": "Kendall County" },
		{ "type": "county", "name": "Knox County" },
		{ "type": "county", "name": "Lake County" },
		{ "type": "county", "name": "LaSalle County" },
		{ "type": "county", "name": "Lawrence County" },
		{ "type": "county", "name": "Lee County" },
		{ "type": "county", "name": "Livingston County" },
		{ "type": "county", "name": "Logan County" },
		{ "type": "county", "name": "Macon County" },
		{ "type": "county", "name": "Macoupin County" },
		{ "type": "county", "name": "Madison County" },
		{ "type": "county", "name": "Marion County" },
		{ "type": "county", "name": "Marshall County" },
		{ "type": "county", "name": "Mason County" },
		{ "type": "county", "name": "Massac County" },
		{ "type": "county", "name": "McDonough County" },
		{ "type": "county", "name": "McHenry County" },
		{ "type": "county", "name": "McLean County" },
		{ "type": "county", "name": "Menard County" },
		{ "type": "county", "name": "Mercer County" },
		{ "type": "county", "name": "Monroe County" },
		{ "type": "county", "name": "Montgomery County" },
		{ "type": "county", "name": "Morgan County" },
		{ "type": "county", "name": "Moultrie County" },
		{ "type": "county", "name": "Ogle County" },
		{ "type": "county", "name": "Peoria County" },
		{ "type": "county", "name": "Perry County" },
		{ "type": "county", "name": "Piatt County" },
		{ "type": "county", "name": "Pike County" },
		{ "type": "county", "name": "Pope County" },
		{ "type": "county", "name": "Pulaski County" },
		{ "type": "county", "name": "Putnam County" },
		{ "type": "county", "name": "Randolph County" },
		{ "type": "county", "name": "Richland County" },
		{ "type": "county", "name": "Rock Island County" },
		{ "type": "county", "name": "Saline County" },
		{ "type": "county", "name": "Sangamon County" },
		{ "type": "county", "name": "Schuyler County" },
		{ "type": "county", "name": "Scott County" },
		{ "type": "county", "name": "Shelby County" },
		{ "type": "county", "name": "St. Clair County" },
		{ "type": "county", "name": "Stark County" },
		{ "type": "county", "name": "Stephenson County" },
		{ "type": "county", "name": "Tazewell County" },
		{ "type": "county", "name": "Union County" },
		{ "type": "county", "name": "Vermilion County" },
		{ "type": "county", "name": "Wabash County" },
		{ "type": "county", "name": "Warren County" },
		{ "type": "county", "name": "Washington County" },
		{ "type": "county", "name": "Wayne County" },
		{ "type": "county", "name": "White County" },
		{ "type": "county", "name": "Whiteside County" },
		{ "type": "county", "name": "Will County" },
		{ "type": "county", "name": "Williamson County" },
		{ "type": "county", "name": "Winnebago County" },
		{ "type": "county", "name": "Woodford County" }
	]
},
{
	"name": {
		"common": "Indiana",
		"native": {
			"en": {
				"common": "Indiana"
			}
		}
	},
	"type": "state",
	"divisions": [
		{ "type": "county", "name": "Adams County" },
		{ "type": "county", "name": "Allen County" },
		{ "type": "county", "name": "Bartholomew County" },
		{ "type": "county", "name": "Benton County" },
		{ "type": "county", "name": "Blackford County" },
		{ "type": "county", "name": "Boone County" },
		{ "type": "county", "name": "Brown County" },
		{ "type": "county", "name": "Carroll County" },
		{ "type": "county", "name": "Cass County" },
		{ "type": "county", "name": "Clark County" },
		{ "type": "county", "name": "Clay County" },
		{ "type": "county", "name": "Clinton County" },
		{ "type": "county", "name": "Crawford County" },
		{ "type": "county", "name": "Daviess County" },
		{ "type": "county", "name": "Dearborn County" },
		{ "type": "county", "name": "Decatur County" },
		{ "type": "county", "name": "DeKalb County" },
		{ "type": "county", "name": "Delaware County" },
		{ "type": "county", "name": "Dubois County" },
		{ "type": "county", "name": "Elkhart County" },
		{ "type": "county", "name": "Fayette County" },
		{ "type": "county", "name": "Floyd County" },
		{ "type": "county", "name": "Fountain County" },
		{ "type": "county", "name": "Franklin County" },
		{ "type": "county", "name": "Fulton County" },
		{ "type": "county", "name": "Gibson County" },
		{ "type": "county", "name": "Grant County" },
		{ "type": "county", "name": "Greene County" },
		{ "type": "county", "name": "Hamilton County" },
		{ "type": "county", "name": "Hancock County" },
		{ "type": "county", "name": "Harrison County" },
		{ "type": "county", "name": "Hendricks County" },
		{ "type": "county", "name": "Henry County" },
		{ "type": "county", "name": "Howard County" },
		{ "type": "county", "name": "Huntington County" },
		{ "type": "county", "name": "Jasper County" },
		{ "type": "county", "name": "Jay County" },
		{ "type": "county", "name": "Jefferson County" },
		{ "type": "county", "name": "Jennings County" },
		{ "type": "county", "name": "Johnson County" },
		{ "type": "county", "name": "Knox County" },
		{ "type": "county", "name": "Kosciusko County" },
		{ "type": "county", "name": "LaGrange County" },
		{ "type": "county", "name": "Lake County" },
		{ "type": "county", "name": "LaPorte County" },
		{ "type": "county", "name": "Lawrence County" },
		{ "type": "county", "name": "Madison County" },
		{ "type": "county", "name": "Marion County" },
		{ "type": "county", "name": "Marshall County" },
		{ "type": "county", "name": "Martin County" },
		{ "type": "county", "name": "Miami County" },
		{ "type": "county", "name": "Monroe County" },
		{ "type": "county", "name": "Montgomery County" },
		{ "type": "county", "name": "Morgan County" },
		{ "type": "county", "name": "Newton County" },
		{ "type": "county", "name": "Noble County" },
		{ "type": "county", "name": "Ohio County" },
		{ "type": "county", "name": "Orange County" },
		{ "type": "county", "name": "Owen County" },
		{ "type": "county", "name": "Parke County" },
		{ "type": "county", "name": "Perry County" },
		{ "type": "county", "name": "Pike County" },
		{ "type": "county", "name": "Porter County" },
		{ "type": "county", "name": "Posey County" },
		{ "type": "county", "name": "Pulaski County" },
		{ "type": "county", "name": "Putnam County" },
		{ "type": "county", "name": "Randolph County" },
		{ "type": "county", "name": "Ripley County" },
		{ "type": "county", "name": "Rush County" },
		{ "type": "county", "name": "St. Joseph County" },
		{ "type": "county", "name": "Scott County" },
		{ "type": "county", "name": "Shelby County" },
		{ "type": "county", "name": "Spencer County" },
		{ "type": "county", "name": "Starke County" },
		{ "type": "county", "name": "Steuben County" },
		{ "type": "county", "name": "Sullivan County" },
		{ "type": "county", "name": "Switzerland County" },
		{ "type": "county", "name": "Tippecanoe County" },
		{ "type": "county", "name": "Tipton County" },
		{ "type": "county", "name": "Union County" },
		{ "type": "county", "name": "Vanderburgh County" },
		{ "type": "county", "name": "Vermillion County" },
		{ "type": "county", "name": "Vigo County" },
		{ "type": "county", "name": "Wabash County" },
		{ "type": "county", "name": "Warren County" },
		{ "type": "county", "name": "Warrick County" },
		{ "type": "county", "name": "Washington County" },
		{ "type": "county", "name": "Wayne County" },
		{ "type": "county", "name": "Wells County" },
		{ "type": "county", "name": "White County" },
		{ "type": "county", "name": "Whitley County" }
	]
},
{
	"name": {
		"common": "Iowa",
		"native": {
			"en": {
				"common": "Iowa"
			}
		}
	},
	"type": "state",
	"divisions": [
		{ "type": "county", "name": "Adair County" },
		{ "type": "county", "name": "Adams County" },
		{ "type": "county", "name": "Allamakee County" },
		{ "type": "county", "name": "Appanoose County" },
		{ "type": "county", "name": "Audubon County" },
		{ "type": "county", "name": "Benton County" },
		{ "type": "county", "name": "Black Hawk County" },
		{ "type": "county", "name": "Boone County" },
		{ "type": "county", "name": "Bremer County" },
		{ "type": "county", "name": "Buchanan County" },
		{ "type": "county", "name": "Buena Vista County" },
		{ "type": "county", "name": "Butler County" },
		{ "type": "county", "name": "Calhoun County" },
		{ "type": "county", "name": "Carroll County" },
		{ "type": "county", "name": "Cass County" },
		{ "type": "county", "name": "Cedar County" },
		{ "type": "county", "name": "Cerro Gordo County" },
		{ "type": "county", "name": "Cherokee County" },
		{ "type": "county", "name": "Chickasaw County" },
		{ "type": "county", "name": "Clarke County" },
		{ "type": "county", "name": "Clay County" },
		{ "type": "county", "name": "Clayton County" },
		{ "type": "county", "name": "Clinton County" },
		{ "type": "county", "name": "Crawford County" },
		{ "type": "county", "name": "Dallas County" },
		{ "type": "county", "name": "Davis County" },
		{ "type": "county", "name": "Decatur County" },
		{ "type": "county", "name": "Delaware County" },
		{ "type": "county", "name": "Des Moines County" },
		{ "type": "county", "name": "Dickinson County" },
		{ "type": "county", "name": "Dubuque County" },
		{ "type": "county", "name": "Emmet County" },
		{ "type": "county", "name": "Fayette County" },
		{ "type": "county", "name": "Floyd County" },
		{ "type": "county", "name": "Franklin County" },
		{ "type": "county", "name": "Fremont County" },
		{ "type": "county", "name": "Greene County" },
		{ "type": "county", "name": "Grundy County" },
		{ "type": "county", "name": "Guthrie County" },
		{ "type": "county", "name": "Hamilton County" },
		{ "type": "county", "name": "Hancock County" },
		{ "type": "county", "name": "Hardin County" },
		{ "type": "county", "name": "Harrison County" },
		{ "type": "county", "name": "Henry County" },
		{ "type": "county", "name": "Howard County" },
		{ "type": "county", "name": "Humboldt County" },
		{ "type": "county", "name": "Ida County" },
		{ "type": "county", "name": "Iowa County" },
		{ "type": "county", "name": "Jackson County" },
		{ "type": "county", "name": "Jasper County" },
		{ "type": "county", "name": "Jefferson County" },
		{ "type": "county", "name": "Johnson County" },
		{ "type": "county", "name": "Jones County" },
		{ "type": "county", "name": "Keokuk County" },
		{ "type": "county", "name": "Kossuth County" },
		{ "type": "county", "name": "Lee County" },
		{ "type": "county", "name": "Linn County" },
		{ "type": "county", "name": "Louisa County" },
		{ "type": "county", "name": "Lucas County" },
		{ "type": "county", "name": "Lyon County" },
		{ "type": "county", "name": "Madison County" },
		{ "type": "county", "name": "Mahaska County" },
		{ "type": "county", "name": "Marion County" },
		{ "type": "county", "name": "Marshall County" },
		{ "type": "county", "name": "Mills County" },
		{ "type": "county", "name": "Mitchell County" },
		{ "type": "county", "name": "Monona County" },
		{ "type": "county", "name": "Monroe County" },
		{ "type": "county", "name": "Montgomery County" },
		{ "type": "county", "name": "Muscatine County" },
		{ "type": "county", "name": "O'Brien County" },
		{ "type": "county", "name": "Osceola County" },
		{ "type": "county", "name": "Page County" },
		{ "type": "county", "name": "Palo Alto County" },
		{ "type": "county", "name": "Plymouth County" },
		{ "type": "county", "name": "Pocahontas County" },
		{ "type": "county", "name": "Polk County" },
		{ "type": "county", "name": "Pottawattamie County" },
		{ "type": "county", "name": "Poweshiek County" },
		{ "type": "county", "name": "Ringgold County" },
		{ "type": "county", "name": "Sac County" },
		{ "type": "county", "name": "Scott County" },
		{ "type": "county", "name": "Shelby County" },
		{ "type": "county", "name": "Sioux County" },
		{ "type": "county", "name": "Story County" },
		{ "type": "county", "name": "Tama County" },
		{ "type": "county", "name": "Taylor County" },
		{ "type": "county", "name": "Union County" },
		{ "type": "county", "name": "Van Buren County" },
		{ "type": "county", "name": "Wapello County" },
		{ "type": "county", "name": "Warren County" },
		{ "type": "county", "name": "Washington County" },
		{ "type": "county", "name": "Wayne County" },
		{ "type": "county", "name": "Webster County" },
		{ "type": "county", "name": "Winnebago County" },
		{ "type": "county", "name": "Winneshiek County" },
		{ "type": "county", "name": "Woodbury County" },
		{ "type": "county", "name": "Worth County" },
		{ "type": "county", "name": "Wright County" }
	]
},
{
	"name": {
		"common": "Kansas",
		"native": {
			"en": {
				"common": "Kansas"
			}
		}
	},
	"type": "state",
	"divisions": [
		{ "type": "county", "name": "Allen County" },
		{ "type": "county", "name": "Anderson County" },
		{ "type": "county", "name": "Atchison County" },
		{ "type": "county", "name": "Barber County" },
		{ "type": "county", "name": "Barton County" },
		{ "type": "county", "name": "Bourbon County" },
		{ "type": "county", "name": "Brown County" },
		{ "type": "county", "name": "Butler County" },
		{ "type": "county", "name": "Chase County" },
		{ "type": "county", "name": "Chautauqua County" },
		{ "type": "county", "name": "Cherokee County" },
		{ "type": "county", "name": "Cheyenne County" },
		{ "type": "county", "name": "Clark County" },
		{ "type": "county", "name": "Clay County" },
		{ "type": "county", "name": "Cloud County" },
		{ "type": "county", "name": "Coffey County" },
		{ "type": "county", "name": "Comanche County" },
		{ "type": "county", "name": "Cowley County" },
		{ "type": "county", "name": "Crawford County" },
		{ "type": "county", "name": "Decatur County" },
		{ "type": "county", "name": "Dickinson County" },
		{ "type": "county", "name": "Doniphan County" },
		{ "type": "county", "name": "Douglas County" },
		{ "type": "county", "name": "Edwards County" },
		{ "type": "county", "name": "Elk County" },
		{ "type": "county", "name": "Ellis County" },
		{ "type": "county", "name": "Ellsworth County" },
		{ "type": "county", "name": "Finney County" },
		{ "type": "county", "name": "Ford County" },
		{ "type": "county", "name": "Franklin County" },
		{ "type": "county", "name": "Geary County" },
		{ "type": "county", "name": "Gove County" },
		{ "type": "county", "name": "Graham County" },
		{ "type": "county", "name": "Grant County" },
		{ "type": "county", "name": "Gray County" },
		{ "type": "county", "name": "Greeley County" },
		{ "type": "county", "name": "Greenwood County" },
		{ "type": "county", "name": "Hamilton County" },
		{ "type": "county", "name": "Harper County" },
		{ "type": "county", "name": "Harvey County" },
		{ "type": "county", "name": "Haskell County" },
		{ "type": "county", "name": "Hodgeman County" },
		{ "type": "county", "name": "Jackson County" },
		{ "type": "county", "name": "Jefferson County" },
		{ "type": "county", "name": "Jewell County" },
		{ "type": "county", "name": "Johnson County" },
		{ "type": "county", "name": "Kearny County" },
		{ "type": "county", "name": "Kingman County" },
		{ "type": "county", "name": "Kiowa County" },
		{ "type": "county", "name": "Labette County" },
		{ "type": "county", "name": "Lane County" },
		{ "type": "county", "name": "Leavenworth County" },
		{ "type": "county", "name": "Lincoln County" },
		{ "type": "county", "name": "Linn County" },
		{ "type": "county", "name": "Logan County" },
		{ "type": "county", "name": "Lyon County" },
		{ "type": "county", "name": "Marion County" },
		{ "type": "county", "name": "Marshall County" },
		{ "type": "county", "name": "McPherson County" },
		{ "type": "county", "name": "Meade County" },
		{ "type": "county", "name": "Miami County" },
		{ "type": "county", "name": "Mitchell County" },
		{ "type": "county", "name": "Montgomery County" },
		{ "type": "county", "name": "Morris County" },
		{ "type": "county", "name": "Morton County" },
		{ "type": "county", "name": "Nemaha County" },
		{ "type": "county", "name": "Neosho County" },
		{ "type": "county", "name": "Ness County" },
		{ "type": "county", "name": "Norton County" },
		{ "type": "county", "name": "Osage County" },
		{ "type": "county", "name": "Osborne County" },
		{ "type": "county", "name": "Ottawa County" },
		{ "type": "county", "name": "Pawnee County" },
		{ "type": "county", "name": "Phillips County" },
		{ "type": "county", "name": "Pottawatomie County" },
		{ "type": "county", "name": "Pratt County" },
		{ "type": "county", "name": "Rawlins County" },
		{ "type": "county", "name": "Reno County" },
		{ "type": "county", "name": "Republic County" },
		{ "type": "county", "name": "Rice County" },
		{ "type": "county", "name": "Riley County" },
		{ "type": "county", "name": "Rooks County" },
		{ "type": "county", "name": "Rush County" },
		{ "type": "county", "name": "Russell County" },
		{ "type": "county", "name": "Saline County" },
		{ "type": "county", "name": "Scott County" },
		{ "type": "county", "name": "Sedgwick County" },
		{ "type": "county", "name": "Seward County" },
		{ "type": "county", "name": "Shawnee County" },
		{ "type": "county", "name": "Sheridan County" },
		{ "type": "county", "name": "Sherman County" },
		{ "type": "county", "name": "Smith County" },
		{ "type": "county", "name": "Stafford County" },
		{ "type": "county", "name": "Stanton County" },
		{ "type": "county", "name": "Stevens County" },
		{ "type": "county", "name": "Sumner County" },
		{ "type": "county", "name": "Thomas County" },
		{ "type": "county", "name": "Trego County" },
		{ "type": "county", "name": "Wabaunsee County" },
		{ "type": "county", "name": "Wallace County" },
		{ "type": "county", "name": "Washington County" },
		{ "type": "county", "name": "Wichita County" },
		{ "type": "county", "name": "Wilson County" },
		{ "type": "county", "name": "Woodson County" },
		{ "type": "county", "name": "Wyandotte County" }
	]
},
{
	"name": {
		"common": "Kentucky",
		"native": {
			"en": {
				"common": "Kentucky"
			}
		}
	},
	"type": "state",
	"divisions": [
		{ "type": "county", "name": "Adair County" },
		{ "type": "county", "name": "Allen County" },
		{ "type": "county", "name": "Anderson County" },
		{ "type": "county", "name": "Ballard County" },
		{ "type": "county", "name": "Barren County" },
		{ "type": "county", "name": "Bath County" },
		{ "type": "county", "name": "Bell County" },
		{ "type": "county", "name": "Boone County" },
		{ "type": "county", "name": "Bourbon County" },
		{ "type": "county", "name": "Boyd County" },
		{ "type": "county", "name": "Boyle County" },
		{ "type": "county", "name": "Bracken County" },
		{ "type": "county", "name": "Breathitt County" },
		{ "type": "county", "name": "Breckinridge County" },
		{ "type": "county", "name": "Bullitt County" },
		{ "type": "county", "name": "Butler County" },
		{ "type": "county", "name": "Caldwell County" },
		{ "type": "county", "name": "Calloway County" },
		{ "type": "county", "name": "Campbell County" },
		{ "type": "county", "name": "Carlisle County" },
		{ "type": "county", "name": "Carroll County" },
		{ "type": "county", "name": "Carter County" },
		{ "type": "county", "name": "Casey County" },
		{ "type": "county", "name": "Christian County" },
		{ "type": "county", "name": "Clark County" },
		{ "type": "county", "name": "Clay County" },
		{ "type": "county", "name": "Clinton County" },
		{ "type": "county", "name": "Crittenden County" },
		{ "type": "county", "name": "Cumberland County" },
		{ "type": "county", "name": "Daviess County" },
		{ "type": "county", "name": "Edmonson County" },
		{ "type": "county", "name": "Elliott County" },
		{ "type": "county", "name": "Estill County" },
		{ "type": "county", "name": "Fayette County" },
		{ "type": "county", "name": "Fleming County" },
		{ "type": "county", "name": "Floyd County" },
		{ "type": "county", "name": "Franklin County" },
		{ "type": "county", "name": "Fulton County" },
		{ "type": "county", "name": "Gallatin County" },
		{ "type": "county", "name": "Garrard County" },
		{ "type": "county", "name": "Grant County" },
		{ "type": "county", "name": "Graves County" },
		{ "type": "county", "name": "Grayson County" },
		{ "type": "county", "name": "Green County" },
		{ "type": "county", "name": "Greenup County" },
		{ "type": "county", "name": "Hancock County" },
		{ "type": "county", "name": "Hardin County" },
		{ "type": "county", "name": "Harlan County" },
		{ "type": "county", "name": "Harrison County" },
		{ "type": "county", "name": "Hart County" },
		{ "type": "county", "name": "Henderson County" },
		{ "type": "county", "name": "Henry County" },
		{ "type": "county", "name": "Hickman County" },
		{ "type": "county", "name": "Hopkins County" },
		{ "type": "county", "name": "Jackson County" },
		{ "type": "county", "name": "Jefferson County" },
		{ "type": "county", "name": "Jessamine County" },
		{ "type": "county", "name": "Johnson County" },
		{ "type": "county", "name": "Kenton County" },
		{ "type": "county", "name": "Knott County" },
		{ "type": "county", "name": "Knox County" },
		{ "type": "county", "name": "LaRue County" },
		{ "type": "county", "name": "Laurel County" },
		{ "type": "county", "name": "Lawrence County" },
		{ "type": "county", "name": "Lee County" },
		{ "type": "county", "name": "Leslie County" },
		{ "type": "county", "name": "Letcher County" },
		{ "type": "county", "name": "Lewis County" },
		{ "type": "county", "name": "Lincoln County" },
		{ "type": "county", "name": "Livingston County" },
		{ "type": "county", "name": "Logan County" },
		{ "type": "county", "name": "Lyon County" },
		{ "type": "county", "name": "McCracken County" },
		{ "type": "county", "name": "McCreary County" },
		{ "type": "county", "name": "McLean County" },
		{ "type": "county", "name": "Madison County" },
		{ "type": "county", "name": "Magoffin County" },
		{ "type": "county", "name": "Marion County" },
		{ "type": "county", "name": "Marshall County" },
		{ "type": "county", "name": "Martin County" },
		{ "type": "county", "name": "Mason County" },
		{ "type": "county", "name": "Meade County" },
		{ "type": "county", "name": "Menifee County" },
		{ "type": "county", "name": "Mercer County" },
		{ "type": "county", "name": "Metcalfe County" },
		{ "type": "county", "name": "Monroe County" },
		{ "type": "county", "name": "Montgomery County" },
		{ "type": "county", "name": "Morgan County" },
		{ "type": "county", "name": "Muhlenberg County" },
		{ "type": "county", "name": "Nelson County" },
		{ "type": "county", "name": "Nicholas  County" },
		{ "type": "county", "name": "Ohio County" },
		{ "type": "county", "name": "Oldham County" },
		{ "type": "county", "name": "Owen County" },
		{ "type": "county", "name": "Owsley County" },
		{ "type": "county", "name": "Pendleton County" },
		{ "type": "county", "name": "Perry County" },
		{ "type": "county", "name": "Pike County" },
		{ "type": "county", "name": "Powell County" },
		{ "type": "county", "name": "Pulaski County" },
		{ "type": "county", "name": "Robertson County" },
		{ "type": "county", "name": "Rockcastle County" },
		{ "type": "county", "name": "Rowan County" },
		{ "type": "county", "name": "Russell County" },
		{ "type": "county", "name": "Scott County" },
		{ "type": "county", "name": "Shelby County" },
		{ "type": "county", "name": "Simpson County" },
		{ "type": "county", "name": "Spencer County" },
		{ "type": "county", "name": "Taylor County" },
		{ "type": "county", "name": "Todd County" },
		{ "type": "county", "name": "Trigg County" },
		{ "type": "county", "name": "Trimble County" },
		{ "type": "county", "name": "Union County" },
		{ "type": "county", "name": "Warren County" },
		{ "type": "county", "name": "Washington County" },
		{ "type": "county", "name": "Wayne County" },
		{ "type": "county", "name": "Webster County" },
		{ "type": "county", "name": "Whitley County" },
		{ "type": "county", "name": "Wolfe County" },
		{ "type": "county", "name": "Woodford  County" }
	]
},
{
	"name": {
		"common": "Louisiana",
		"native": {
			"en": {
				"common": "Idaho"
			}
		}
	},
	"type": "state",
	"divisions": [
		{ "type": "parish", "name": "Acadia Parish" },
		{ "type": "parish", "name": "Allen Parish" },
		{ "type": "parish", "name": "Ascension Parish" },
		{ "type": "parish", "name": "Assumption Parish" },
		{ "type": "parish", "name": "Avoyelles Parish" },
		{ "type": "parish", "name": "Beauregard Parish" },
		{ "type": "parish", "name": "Bienville Parish" },
		{ "type": "parish", "name": "Bossier Parish" },
		{ "type": "parish", "name": "Caddo Parish" },
		{ "type": "parish", "name": "Calcasieu Parish" },
		{ "type": "parish", "name": "Caldwell Parish" },
		{ "type": "parish", "name": "Cameron Parish" },
		{ "type": "parish", "name": "Catahoula Parish" },
		{ "type": "parish", "name": "Claiborne Parish" },
		{ "type": "parish", "name": "Concordia Parish" },
		{ "type": "parish", "name": "DeSoto Parish" },
		{ "type": "parish", "name": "East Baton Rouge Parish" },
		{ "type": "parish", "name": "East Carroll Parish" },
		{ "type": "parish", "name": "East Feliciana Parish" },
		{ "type": "parish", "name": "Evangeline Parish" },
		{ "type": "parish", "name": "Franklin Parish" },
		{ "type": "parish", "name": "Grant Parish" },
		{ "type": "parish", "name": "Iberia Parish" },
		{ "type": "parish", "name": "Iberville Parish" },
		{ "type": "parish", "name": "Jackson Parish" },
		{ "type": "parish", "name": "Jefferson Davis Parish" },
		{ "type": "parish", "name": "Jefferson Parish" },
		{ "type": "parish", "name": "La Salle Parish" },
		{ "type": "parish", "name": "Lafayette Parish" },
		{ "type": "parish", "name": "Lafourche Parish" },
		{ "type": "parish", "name": "Lincoln Parish" },
		{ "type": "parish", "name": "Livingston Parish" },
		{ "type": "parish", "name": "Madison Parish" },
		{ "type": "parish", "name": "Morehouse Parish" },
		{ "type": "parish", "name": "Natchitoches Parish" },
		{ "type": "parish", "name": "Orleans Parish" },
		{ "type": "parish", "name": "Ouachita Parish" },
		{ "type": "parish", "name": "Plaquemines Parish" },
		{ "type": "parish", "name": "Pointe Coupee Parish" },
		{ "type": "parish", "name": "Rapides Parish" },
		{ "type": "parish", "name": "Red River Parish" },
		{ "type": "parish", "name": "Richland Parish" },
		{ "type": "parish", "name": "Sabine Parish" },
		{ "type": "parish", "name": "Saint Bernard Parish" },
		{ "type": "parish", "name": "Saint Charles Parish" },
		{ "type": "parish", "name": "Saint Helena Parish" },
		{ "type": "parish", "name": "Saint James Parish" },
		{ "type": "parish", "name": "Saint John the Baptis Parish" },
		{ "type": "parish", "name": "Saint Landry Parish" },
		{ "type": "parish", "name": "Saint Martin Parish" },
		{ "type": "parish", "name": "Saint Mary Parish" },
		{ "type": "parish", "name": "Saint Tammany Parish" },
		{ "type": "parish", "name": "Tangipahoa Parish" },
		{ "type": "parish", "name": "Terrebonne Parish" },
		{ "type": "parish", "name": "Union Parish" },
		{ "type": "parish", "name": "Vermilion Parish" },
		{ "type": "parish", "name": "Vernon Parish" },
		{ "type": "parish", "name": "Washington Parish" },
		{ "type": "parish", "name": "Webster Parish" },
		{ "type": "parish", "name": "West Baton Rouge Parish" },
		{ "type": "parish", "name": "West Carroll Parish" },
		{ "type": "parish", "name": "West Feliciana Parish" },
		{ "type": "parish", "name": "Winn Parish" }
	]
},
{
	"name": {
		"common": "Maine",
		"native": {
			"en": {
				"common": "Maine"
			}
		}
	},
	"type": "state",
	"divisions": [
		{ "type": "county", "name": "Androscoggin County" },
		{ "type": "county", "name": "Aroostook County" },
		{ "type": "county", "name": "Cumberland County" },
		{ "type": "county", "name": "Franklin County" },
		{ "type": "county", "name": "Hancock County" },
		{ "type": "county", "name": "Kennebec County" },
		{ "type": "county", "name": "Knox County" },
		{ "type": "county", "name": "Lincoln County" },
		{ "type": "county", "name": "Oxford County" },
		{ "type": "county", "name": "Penobscot County" },
		{ "type": "county", "name": "Piscataquis County" },
		{ "type": "county", "name": "Sagadahoc County" },
		{ "type": "county", "name": "Somerset County" },
		{ "type": "county", "name": "Waldo County" },
		{ "type": "county", "name": "Washington County" },
		{ "type": "county", "name": "York County" }
	]
},
{
	"name": {
		"common": "Maryland",
		"native": {
			"en": {
				"common": "Maryland"
			}
		}
	},
	"type": "state",
	"divisions": [
		{ "type": "county", "name": "Allegany County" },
		{ "type": "county", "name": "Anne Arundel County" },
		{ "type": "county", "name": "Baltimore County" },
		{ "type": "county", "name": "Calvert County" },
		{ "type": "county", "name": "Caroline County" },
		{ "type": "county", "name": "Carroll County" },
		{ "type": "county", "name": "Cecil County" },
		{ "type": "county", "name": "Charles County" },
		{ "type": "county", "name": "City of Baltimore" },
		{ "type": "county", "name": "Dorchester County" },
		{ "type": "county", "name": "Frederick County" },
		{ "type": "county", "name": "Harford County" },
		{ "type": "county", "name": "Howard County" },
		{ "type": "county", "name": "Kent County" },
		{ "type": "county", "name": "Montgomery County" },
		{ "type": "county", "name": "Prince Georges County" },
		{ "type": "county", "name": "Queen Anne's County" },
		{ "type": "county", "name": "Saint Mary's County" },
		{ "type": "county", "name": "Somerset County" },
		{ "type": "county", "name": "Talbot County" },
		{ "type": "county", "name": "Washington County" },
		{ "type": "county", "name": "Wicomico County" },
		{ "type": "county", "name": "Worcester County" }
	]
},
{
	"name": {
		"common": "Massachusetts",
		"native": {
			"en": {
				"common": "Massachusetts"
			}
		}
	},
	"type": "state",
	"divisions": [
		{ "type": "county", "name": "Barnstable County" },
		{ "type": "county", "name": "Berkshire County" },
		{ "type": "county", "name": "Bristol County" },
		{ "type": "county", "name": "Dukes County" },
		{ "type": "county", "name": "Essex County" },
		{ "type": "county", "name": "Franklin County" },
		{ "type": "county", "name": "Hampden County" },
		{ "type": "county", "name": "Hampshire County" },
		{ "type": "county", "name": "Middlesex County" },
		{ "type": "county", "name": "Nantucket County" },
		{ "type": "county", "name": "Norfolk County" },
		{ "type": "county", "name": "Plymouth County" },
		{ "type": "county", "name": "Suffolk County" },
		{ "type": "county", "name": "Worcester County" }
	]
},
{
	"name": {
		"common": "Michigan",
		"native": {
			"en": {
				"common": "Michigan"
			}
		}
	},
	"type": "state",
	"divisions": [
		{ "type": "county", "name": "Alcona County" },
		{ "type": "county", "name": "Alger County" },
		{ "type": "county", "name": "Allegan County" },
		{ "type": "county", "name": "Alpena County" },
		{ "type": "county", "name": "Antrim County" },
		{ "type": "county", "name": "Arenac County" },
		{ "type": "county", "name": "Baraga County" },
		{ "type": "county", "name": "Barry County" },
		{ "type": "county", "name": "Bay County" },
		{ "type": "county", "name": "Benzie County" },
		{ "type": "county", "name": "Berrien County" },
		{ "type": "county", "name": "Branch County" },
		{ "type": "county", "name": "Calhoun County" },
		{ "type": "county", "name": "Cass County" },
		{ "type": "county", "name": "Charlevoix County" },
		{ "type": "county", "name": "Cheboygan County" },
		{ "type": "county", "name": "Chippewa County" },
		{ "type": "county", "name": "Clare County" },
		{ "type": "county", "name": "Clinton County" },
		{ "type": "county", "name": "Crawford County" },
		{ "type": "county", "name": "Delta County" },
		{ "type": "county", "name": "Dickinson County" },
		{ "type": "county", "name": "Eaton County" },
		{ "type": "county", "name": "Emmet County" },
		{ "type": "county", "name": "Genesee County" },
		{ "type": "county", "name": "Gladwin County" },
		{ "type": "county", "name": "Gogebic County" },
		{ "type": "county", "name": "Grand Traverse County" },
		{ "type": "county", "name": "Gratiot County" },
		{ "type": "county", "name": "Hillsdale County" },
		{ "type": "county", "name": "Houghton County" },
		{ "type": "county", "name": "Huron County" },
		{ "type": "county", "name": "Ingham County" },
		{ "type": "county", "name": "Ionia County" },
		{ "type": "county", "name": "Iosco County" },
		{ "type": "county", "name": "Iron County" },
		{ "type": "county", "name": "Isabella County" },
		{ "type": "county", "name": "Jackson County" },
		{ "type": "county", "name": "Kalamazoo County" },
		{ "type": "county", "name": "Kalkaska County" },
		{ "type": "county", "name": "Kent County" },
		{ "type": "county", "name": "Keweenaw County" },
		{ "type": "county", "name": "Lake County" },
		{ "type": "county", "name": "Lapeer County" },
		{ "type": "county", "name": "Leelanau County" },
		{ "type": "county", "name": "Lenawee County" },
		{ "type": "county", "name": "Livingston County" },
		{ "type": "county", "name": "Luce County" },
		{ "type": "county", "name": "Mackinac County" },
		{ "type": "county", "name": "Macomb County" },
		{ "type": "county", "name": "Manistee County" },
		{ "type": "county", "name": "Marquette County" },
		{ "type": "county", "name": "Mason County" },
		{ "type": "county", "name": "Mecosta County" },
		{ "type": "county", "name": "Menominee County" },
		{ "type": "county", "name": "Midland County" },
		{ "type": "county", "name": "Missaukee County" },
		{ "type": "county", "name": "Monroe County" },
		{ "type": "county", "name": "Montcalm County" },
		{ "type": "county", "name": "Montmorency County" },
		{ "type": "county", "name": "Muskegon County" },
		{ "type": "county", "name": "Newaygo County" },
		{ "type": "county", "name": "Oakland County" },
		{ "type": "county", "name": "Oceana County" },
		{ "type": "county", "name": "Ogemaw County" },
		{ "type": "county", "name": "Ontonagon County" },
		{ "type": "county", "name": "Osceola County" },
		{ "type": "county", "name": "Oscoda County" },
		{ "type": "county", "name": "Otsego County" },
		{ "type": "county", "name": "Ottawa County" },
		{ "type": "county", "name": "Presque Isle County" },
		{ "type": "county", "name": "Roscommon County" },
		{ "type": "county", "name": "Saginaw County" },
		{ "type": "county", "name": "St. Clair County" },
		{ "type": "county", "name": "St. Joseph County" },
		{ "type": "county", "name": "Sanilac County" },
		{ "type": "county", "name": "Schoolcraft County" },
		{ "type": "county", "name": "Shiawassee County" },
		{ "type": "county", "name": "Tuscola County" },
		{ "type": "county", "name": "Van Buren County" },
		{ "type": "county", "name": "Washtenaw County" },
		{ "type": "county", "name": "Wayne County" },
		{ "type": "county", "name": "Wexford County" }
	]
},
{
	"name": {
		"common": "Minnesota",
		"native": {
			"en": {
				"common": "Minnesota"
			}
		}
	},
	"type": "state",
	"divisions": [
		{ "type": "county", "name": "Aitkin County" },
		{ "type": "county", "name": "Anoka County" },
		{ "type": "county", "name": "Becker County" },
		{ "type": "county", "name": "Beltrami County" },
		{ "type": "county", "name": "Benton County" },
		{ "type": "county", "name": "Big Stone County" },
		{ "type": "county", "name": "Blue Earth County" },
		{ "type": "county", "name": "Brown County" },
		{ "type": "county", "name": "Carlton County" },
		{ "type": "county", "name": "Carver County" },
		{ "type": "county", "name": "Cass County" },
		{ "type": "county", "name": "Chippewa County" },
		{ "type": "county", "name": "Chisago County" },
		{ "type": "county", "name": "Clay County" },
		{ "type": "county", "name": "Clearwater County" },
		{ "type": "county", "name": "Cook County" },
		{ "type": "county", "name": "Cottonwood County" },
		{ "type": "county", "name": "Crow Wing County" },
		{ "type": "county", "name": "Dakota County" },
		{ "type": "county", "name": "Dodge County" },
		{ "type": "county", "name": "Douglas County" },
		{ "type": "county", "name": "Faribault County" },
		{ "type": "county", "name": "Fillmore County" },
		{ "type": "county", "name": "Freeborn County" },
		{ "type": "county", "name": "Goodhue County" },
		{ "type": "county", "name": "Grant County" },
		{ "type": "county", "name": "Hennepin County" },
		{ "type": "county", "name": "Houston County" },
		{ "type": "county", "name": "Hubbard County" },
		{ "type": "county", "name": "Isanti County" },
		{ "type": "county", "name": "Itasca County" },
		{ "type": "county", "name": "Jackson County" },
		{ "type": "county", "name": "Kanabec County" },
		{ "type": "county", "name": "Kandiyohi County" },
		{ "type": "county", "name": "Kittson County" },
		{ "type": "county", "name": "Koochiching County" },
		{ "type": "county", "name": "Lac qui Parle County" },
		{ "type": "county", "name": "Lake County" },
		{ "type": "county", "name": "Lake of the Woods County" },
		{ "type": "county", "name": "Le Sueur County" },
		{ "type": "county", "name": "Lincoln County" },
		{ "type": "county", "name": "Lyon County" },
		{ "type": "county", "name": "McLeod County" },
		{ "type": "county", "name": "Mahnomen County" },
		{ "type": "county", "name": "Marshall County" },
		{ "type": "county", "name": "Martin County" },
		{ "type": "county", "name": "Meeker County" },
		{ "type": "county", "name": "Mille Lacs County" },
		{ "type": "county", "name": "Morrison County" },
		{ "type": "county", "name": "Mower County" },
		{ "type": "county", "name": "Nicollet County" },
		{ "type": "county", "name": "Nobles County" },
		{ "type": "county", "name": "Norman County" },
		{ "type": "county", "name": "Olmsted County" },
		{ "type": "county", "name": "Otter Tail County" },
		{ "type": "county", "name": "Pennington County" },
		{ "type": "county", "name": "Pine County" },
		{ "type": "county", "name": "Pipestone County" },
		{ "type": "county", "name": "Polk County" },
		{ "type": "county", "name": "Pope County" },
		{ "type": "county", "name": "Ramsey County" },
		{ "type": "county", "name": "Red Lake County" },
		{ "type": "county", "name": "Redwood County" },
		{ "type": "county", "name": "Renville County" },
		{ "type": "county", "name": "Rice County" },
		{ "type": "county", "name": "Rock County" },
		{ "type": "county", "name": "Roseau County" },
		{ "type": "county", "name": "Saint Louis County" },
		{ "type": "county", "name": "Scott County" },
		{ "type": "county", "name": "Sherburne County" },
		{ "type": "county", "name": "Sibley County" },
		{ "type": "county", "name": "Stearns County" },
		{ "type": "county", "name": "Steele County" },
		{ "type": "county", "name": "Stevens County" },
		{ "type": "county", "name": "Swift County" },
		{ "type": "county", "name": "Todd County" },
		{ "type": "county", "name": "Traverse County" },
		{ "type": "county", "name": "Wabasha County" },
		{ "type": "county", "name": "Wadena County" },
		{ "type": "county", "name": "Waseca County" },
		{ "type": "county", "name": "Washington County" },
		{ "type": "county", "name": "Watonwan County" },
		{ "type": "county", "name": "Wilkin County" },
		{ "type": "county", "name": "Winona County" },
		{ "type": "county", "name": "Wright County" },
		{ "type": "county", "name": "Yellow Medicine County" }
	]
},
{
	"name": {
		"common": "Montana",
		"native": {
			"en": {
				"common": "Montana"
			}
		}
	},
	"type": "state",
	"divisions": [
		{ "type": "county", "name": "Beaverhead County" },
		{ "type": "county", "name": "Big Horn County" },
		{ "type": "county", "name": "Blaine County" },
		{ "type": "county", "name": "Broadwater County" },
		{ "type": "county", "name": "Carbon County" },
		{ "type": "county", "name": "Carter County" },
		{ "type": "county", "name": "Cascade County" },
		{ "type": "county", "name": "Chouteau County" },
		{ "type": "county", "name": "Custer County" },
		{ "type": "county", "name": "Daniels County" },
		{ "type": "county", "name": "Dawson County" },
		{ "type": "county", "name": "Deer Lodge County" },
		{ "type": "county", "name": "Fallon County" },
		{ "type": "county", "name": "Fergus County" },
		{ "type": "county", "name": "Flathead County" },
		{ "type": "county", "name": "Gallatin County" },
		{ "type": "county", "name": "Garfield County" },
		{ "type": "county", "name": "Glacier County" },
		{ "type": "county", "name": "Golden Valley County" },
		{ "type": "county", "name": "Granite County" },
		{ "type": "county", "name": "Hill County" },
		{ "type": "county", "name": "Jefferson County" },
		{ "type": "county", "name": "Judith Basin County" },
		{ "type": "county", "name": "Lake County" },
		{ "type": "county", "name": "Lewis and Clark County" },
		{ "type": "county", "name": "Liberty County" },
		{ "type": "county", "name": "Lincoln County" },
		{ "type": "county", "name": "McCone County" },
		{ "type": "county", "name": "Madison County" },
		{ "type": "county", "name": "Meagher County" },
		{ "type": "county", "name": "Mineral County" },
		{ "type": "county", "name": "Missoula County" },
		{ "type": "county", "name": "Musselshell County" },
		{ "type": "county", "name": "Park County" },
		{ "type": "county", "name": "Petroleum County" },
		{ "type": "county", "name": "Phillips County" },
		{ "type": "county", "name": "Pondera County" },
		{ "type": "county", "name": "Powder River County" },
		{ "type": "county", "name": "Powell County" },
		{ "type": "county", "name": "Prairie County" },
		{ "type": "county", "name": "Ravalli County" },
		{ "type": "county", "name": "Richland County" },
		{ "type": "county", "name": "Roosevelt County" },
		{ "type": "county", "name": "Rosebud County" },
		{ "type": "county", "name": "Sanders County" },
		{ "type": "county", "name": "Sheridan County" },
		{ "type": "county", "name": "Silver Bow County" },
		{ "type": "county", "name": "Stillwater County" },
		{ "type": "county", "name": "Sweet Grass County" },
		{ "type": "county", "name": "Teton County" },
		{ "type": "county", "name": "Toole County" },
		{ "type": "county", "name": "Treasure County" },
		{ "type": "county", "name": "Valley County" },
		{ "type": "county", "name": "Wheatland County" },
		{ "type": "county", "name": "Wibaux County" },
		{ "type": "county", "name": "Yellowstone County" }
	]
},
{
	"name": {
		"common": "Nevada",
		"native": {
			"en": {
				"common": "Nevada"
			}
		}
	},
	"type": "state",
	"divisions": [
		{ "type": "county", "name": "Carson County" },
		{ "type": "county", "name": "Churchill County" },
		{ "type": "county", "name": "Clark County" },
		{ "type": "county", "name": "Douglas County" },
		{ "type": "county", "name": "Elko County" },
		{ "type": "county", "name": "Esmeralda County" },
		{ "type": "county", "name": "Eureka County" },
		{ "type": "county", "name": "Humboldt County" },
		{ "type": "county", "name": "Lander County" },
		{ "type": "county", "name": "Lincoln County" },
		{ "type": "county", "name": "Lyon County" },
		{ "type": "county", "name": "Mineral County" },
		{ "type": "county", "name": "Nye County" },
		{ "type": "county", "name": "Pershing County" },
		{ "type": "county", "name": "Storey County" },
		{ "type": "county", "name": "Washoe County" },
		{ "type": "county", "name": "White Pine County" }
	]
},
{
	"name": {
		"common": "New Hampshire",
		"native": {
			"en": {
				"common": "New Hampshire"
			}
		}
	},
	"type": "state",
	"divisions": [
		{ "type": "county", "name": "Belknap County" },
		{ "type": "county", "name": "Carroll County" },
		{ "type": "county", "name": "Cheshire County" },
		{ "type": "county", "name": "Coos County" },
		{ "type": "county", "name": "Grafton County" },
		{ "type": "county", "name": "Hillsborough County" },
		{ "type": "county", "name": "Merrimack County" },
		{ "type": "county", "name": "Rockingham County" },
		{ "type": "county", "name": "Strafford County" },
		{ "type": "county", "name": "Sullivan County" }
	]
},
{
	"name": {
		"common": "New Jersey",
		"native": {
			"en": {
				"common": "New Jersey"
			}
		}
	},
	"type": "state",
	"divisions": [
		{ "type": "county", "name": "Atlantic County" },
		{ "type": "county", "name": "Bergen County" },
		{ "type": "county", "name": "Burlington County" },
		{ "type": "county", "name": "Camden County" },
		{ "type": "county", "name": "Cape May County" },
		{ "type": "county", "name": "Cumberland County" },
		{ "type": "county", "name": "Essex County" },
		{ "type": "county", "name": "Gloucester County" },
		{ "type": "county", "name": "Hudson County" },
		{ "type": "county", "name": "Hunterdon County" },
		{ "type": "county", "name": "Mercer County" },
		{ "type": "county", "name": "Middlesex County" },
		{ "type": "county", "name": "Monmouth County" },
		{ "type": "county", "name": "Morris County" },
		{ "type": "county", "name": "Ocean County" },
		{ "type": "county", "name": "Passaic County" },
		{ "type": "county", "name": "Salem County" },
		{ "type": "county", "name": "Somerset County" },
		{ "type": "county", "name": "Sussex County" },
		{ "type": "county", "name": "Union County" },
		{ "type": "county", "name": "Warren County" }
	]
},
{
	"name": {
		"common": "New Mexico",
		"native": {
			"en": {
				"common": "New Mexico"
			}
		}
	},
	"type": "state",
	"divisions": [
		{ "type": "county", "name": "Bernalillo County" },
		{ "type": "county", "name": "Catron County" },
		{ "type": "county", "name": "Chaves County" },
		{ "type": "county", "name": "Cibola County" },
		{ "type": "county", "name": "Colfax County" },
		{ "type": "county", "name": "Curry County" },
		{ "type": "county", "name": "De Baca County" },
		{ "type": "county", "name": "Doa Ana County" },
		{ "type": "county", "name": "Eddy County" },
		{ "type": "county", "name": "Grant County" },
		{ "type": "county", "name": "Guadalupe County" },
		{ "type": "county", "name": "Harding County" },
		{ "type": "county", "name": "Hidalgo County" },
		{ "type": "county", "name": "Lea County" },
		{ "type": "county", "name": "Lincoln County" },
		{ "type": "county", "name": "Los Alamos County" },
		{ "type": "county", "name": "Luna County" },
		{ "type": "county", "name": "McKinley County" },
		{ "type": "county", "name": "Mora County" },
		{ "type": "county", "name": "Otero County" },
		{ "type": "county", "name": "Quay County" },
		{ "type": "county", "name": "Rio Arriba County" },
		{ "type": "county", "name": "Roosevelt County" },
		{ "type": "county", "name": "Sandoval County" },
		{ "type": "county", "name": "San Juan County" },
		{ "type": "county", "name": "San Miguel County" },
		{ "type": "county", "name": "Santa Fe County" },
		{ "type": "county", "name": "Sierra County" },
		{ "type": "county", "name": "Socorro County" },
		{ "type": "county", "name": "Taos County" },
		{ "type": "county", "name": "Torrance County" },
		{ "type": "county", "name": "Union County" },
		{ "type": "county", "name": "Valencia County" }
	]
},
{
	"name": {
		"common": "North Dakota",
		"native": {
			"en": {
				"common": "North Dakota"
			}
		}
	},
	"type": "state",
	"divisions": [
		{ "type": "county", "name": "Adams County" },
		{ "type": "county", "name": "Barnes County" },
		{ "type": "county", "name": "Benson County" },
		{ "type": "county", "name": "Billings County" },
		{ "type": "county", "name": "Bottineau County" },
		{ "type": "county", "name": "Bowman County" },
		{ "type": "county", "name": "Burke County" },
		{ "type": "county", "name": "Burleigh County" },
		{ "type": "county", "name": "Cass County" },
		{ "type": "county", "name": "Cavalier County" },
		{ "type": "county", "name": "Dickey County" },
		{ "type": "county", "name": "Divide County" },
		{ "type": "county", "name": "Dunn County" },
		{ "type": "county", "name": "Eddy County" },
		{ "type": "county", "name": "Emmons County" },
		{ "type": "county", "name": "Foster County" },
		{ "type": "county", "name": "Golden Valley County" },
		{ "type": "county", "name": "Grand Forks County" },
		{ "type": "county", "name": "Grant County" },
		{ "type": "county", "name": "Griggs County" },
		{ "type": "county", "name": "Hettinger County" },
		{ "type": "county", "name": "Kidder County" },
		{ "type": "county", "name": "LaMoure County" },
		{ "type": "county", "name": "Logan County" },
		{ "type": "county", "name": "McHenry County" },
		{ "type": "county", "name": "McIntosh County" },
		{ "type": "county", "name": "McKenzie County" },
		{ "type": "county", "name": "McLean County" },
		{ "type": "county", "name": "Mercer County" },
		{ "type": "county", "name": "Morton County" },
		{ "type": "county", "name": "Mountrail County" },
		{ "type": "county", "name": "Nelson County" },
		{ "type": "county", "name": "Oliver County" },
		{ "type": "county", "name": "Pembina County" },
		{ "type": "county", "name": "Pierce County" },
		{ "type": "county", "name": "Ramsey County" },
		{ "type": "county", "name": "Ransom County" },
		{ "type": "county", "name": "Renville County" },
		{ "type": "county", "name": "Richland County" },
		{ "type": "county", "name": "Rolette County" },
		{ "type": "county", "name": "Sargent County" },
		{ "type": "county", "name": "Sheridan County" },
		{ "type": "county", "name": "Sioux County" },
		{ "type": "county", "name": "Slope County" },
		{ "type": "county", "name": "Stark County" },
		{ "type": "county", "name": "Steele County" },
		{ "type": "county", "name": "Stutsman County" },
		{ "type": "county", "name": "Towner County" },
		{ "type": "county", "name": "Traill County" },
		{ "type": "county", "name": "Walsh County" },
		{ "type": "county", "name": "Ward County" },
		{ "type": "county", "name": "Wells County" },
		{ "type": "county", "name": "Williams County" }
	]
},
{
	"name": {
		"common": "Oregon",
		"native": {
			"en": {
				"common": "Oregon"
			}
		}
	},
	"type": "state",
	"divisions": [
		{ "type": "county", "name": "Baker County" },
		{ "type": "county", "name": "Benton County" },
		{ "type": "county", "name": "Clackamas County" },
		{ "type": "county", "name": "Clatsop County" },
		{ "type": "county", "name": "Columbia County" },
		{ "type": "county", "name": "Coos County" },
		{ "type": "county", "name": "Crook County" },
		{ "type": "county", "name": "Curry County" },
		{ "type": "county", "name": "Deschutes County" },
		{ "type": "county", "name": "Douglas County" },
		{ "type": "county", "name": "Gilliam County" },
		{ "type": "county", "name": "Grant County" },
		{ "type": "county", "name": "Harney County" },
		{ "type": "county", "name": "Hood River County" },
		{ "type": "county", "name": "Jackson County" },
		{ "type": "county", "name": "Jefferson County" },
		{ "type": "county", "name": "Josephine County" },
		{ "type": "county", "name": "Klamath County" },
		{ "type": "county", "name": "Lake County" },
		{ "type": "county", "name": "Lane County" },
		{ "type": "county", "name": "Lincoln County" },
		{ "type": "county", "name": "Linn County" },
		{ "type": "county", "name": "Malheur County" },
		{ "type": "county", "name": "Marion County" },
		{ "type": "county", "name": "Morrow County" },
		{ "type": "county", "name": "Polk County" },
		{ "type": "county", "name": "Sherman County" },
		{ "type": "county", "name": "Tillamook County" },
		{ "type": "county", "name": "Umatilla County" },
		{ "type": "county", "name": "Union County" },
		{ "type": "county", "name": "Wallowa County" },
		{ "type": "county", "name": "Wasco County" },
		{ "type": "county", "name": "Washington County" },
		{ "type": "county", "name": "Wheeler County" },
		{ "type": "county", "name": "Yamhill County" }
	]
},
{
	"name": {
		"common": "Rhode Island",
		"native": {
			"en": {
				"common": "Rhode Island"
			}
		}
	},
	"type": "state",
	"divisions": [
		{ "type": "county", "name": "Bristol County" },
		{ "type": "county", "name": "Kent County" },
		{ "type": "county", "name": "Newport County" },
		{ "type": "county", "name": "Providence County" },
		{ "type": "county", "name": "Washington County" }
	]
},
{
	"name": {
		"common": "South Carolina",
		"native": {
			"en": {
				"common": "South Carolina"
			}
		}
	},
	"type": "state",
	"divisions": [
		{ "type": "county", "name": "Abbeville County" },
		{ "type": "county", "name": "Aiken County" },
		{ "type": "county", "name": "Allendale County" },
		{ "type": "county", "name": "Anderson County" },
		{ "type": "county", "name": "Bamberg County" },
		{ "type": "county", "name": "Barnwell County" },
		{ "type": "county", "name": "Beaufort County" },
		{ "type": "county", "name": "Berkeley County" },
		{ "type": "county", "name": "Calhoun County" },
		{ "type": "county", "name": "Charleston County" },
		{ "type": "county", "name": "Cherokee County" },
		{ "type": "county", "name": "Chester County" },
		{ "type": "county", "name": "Chesterfield County" },
		{ "type": "county", "name": "Clarendon County" },
		{ "type": "county", "name": "Colleton County" },
		{ "type": "county", "name": "Darlington County" },
		{ "type": "county", "name": "Dillon County" },
		{ "type": "county", "name": "Dorchester County" },
		{ "type": "county", "name": "Edgefield County" },
		{ "type": "county", "name": "Fairfield County" },
		{ "type": "county", "name": "Florence County" },
		{ "type": "county", "name": "Georgetown County" },
		{ "type": "county", "name": "Greenville County" },
		{ "type": "county", "name": "Greenwood County" },
		{ "type": "county", "name": "Hampton County" },
		{ "type": "county", "name": "Horry County" },
		{ "type": "county", "name": "Jasper County" },
		{ "type": "county", "name": "Kershaw County" },
		{ "type": "county", "name": "Lancaster County" },
		{ "type": "county", "name": "Laurens County" },
		{ "type": "county", "name": "Lee County" },
		{ "type": "county", "name": "Lexington County" },
		{ "type": "county", "name": "Marion County" },
		{ "type": "county", "name": "Marlboro County" },
		{ "type": "county", "name": "McCormick County" },
		{ "type": "county", "name": "Newberry County" },
		{ "type": "county", "name": "Oconee County" },
		{ "type": "county", "name": "Orangeburg County" },
		{ "type": "county", "name": "Pickens County" },
		{ "type": "county", "name": "Richland County" },
		{ "type": "county", "name": "Saluda County" },
		{ "type": "county", "name": "Spartanburg County" },
		{ "type": "county", "name": "Sumter County" },
		{ "type": "county", "name": "Union County" },
		{ "type": "county", "name": "Williamsburg County" },
		{ "type": "county", "name": "York County" }
	]
},
{
	"name": {
		"common": "Utah",
		"native": {
			"en": {
				"common": "Utah"
			}
		}
	},
	"type": "state",
	"divisions": [
		{ "type": "county", "name": "Beaver County" },
		{ "type": "county", "name": "Box Elder County" },
		{ "type": "county", "name": "Cache County" },
		{ "type": "county", "name": "Carbon County" },
		{ "type": "county", "name": "Daggett County" },
		{ "type": "county", "name": "Davis County" },
		{ "type": "county", "name": "Duchesne County" },
		{ "type": "county", "name": "Emery County" },
		{ "type": "county", "name": "Garfield County" },
		{ "type": "county", "name": "Grand County" },
		{ "type": "county", "name": "Iron County" },
		{ "type": "county", "name": "Juab County" },
		{ "type": "county", "name": "Kane County" },
		{ "type": "county", "name": "Millard County" },
		{ "type": "county", "name": "Morgan County" },
		{ "type": "county", "name": "Piute County" },
		{ "type": "county", "name": "Rich County" },
		{ "type": "county", "name": "Salt Lake  County" },
		{ "type": "county", "name": "San Juan County" },
		{ "type": "county", "name": "Sanpete County" },
		{ "type": "county", "name": "Sevier County" },
		{ "type": "county", "name": "Summit County" },
		{ "type": "county", "name": "Tooele County" },
		{ "type": "county", "name": "Uintah County" },
		{ "type": "county", "name": "Utah County" },
		{ "type": "county", "name": "Wasatch County" },
		{ "type": "county", "name": "Washington County" },
		{ "type": "county", "name": "Wayne County" },
		{ "type": "county", "name": "Weber County" }
	]
},
{
	"name": {
		"common": "Vermont",
		"native": {
			"en": {
				"common": "Vermont"
			}
		}
	},
	"type": "state",
	"divisions": [
		{ "type": "county", "name": "Addison County" },
		{ "type": "county", "name": "Bennington County" },
		{ "type": "county", "name": "Caledonia County" },
		{ "type": "county", "name": "Chittenden County" },
		{ "type": "county", "name": "Essex County" },
		{ "type": "county", "name": "Franklin County" },
		{ "type": "county", "name": "Grand Isle County" },
		{ "type": "county", "name": "Lamoille County" },
		{ "type": "county", "name": "Orange County" },
		{ "type": "county", "name": "Orleans County" },
		{ "type": "county", "name": "Rutland County" },
		{ "type": "county", "name": "Washington County" },
		{ "type": "county", "name": "Windham County" },
		{ "type": "county", "name": "Windsor County" }
	]
},
{
	"name": {
		"common": "Washington",
		"native": {
			"en": {
				"common": "Washington"
			}
		}
	},
	"type": "state",
	"divisions": [
		{ "type": "county", "name": "Adams County" },
		{ "type": "county", "name": "Asotin County" },
		{ "type": "county", "name": "Benton County" },
		{ "type": "county", "name": "Chelan County" },
		{ "type": "county", "name": "Clallam County" },
		{ "type": "county", "name": "Clark County" },
		{ "type": "county", "name": "Columbia County" },
		{ "type": "county", "name": "Cowlitz County" },
		{ "type": "county", "name": "Douglas County" },
		{ "type": "county", "name": "Ferry County" },
		{ "type": "county", "name": "Franklin County" },
		{ "type": "county", "name": "Garfield County" },
		{ "type": "county", "name": "Grant County" },
		{ "type": "county", "name": "Grays Harbor County" },
		{ "type": "county", "name": "Island County" },
		{ "type": "county", "name": "Jefferson County" },
		{ "type": "county", "name": "King County" },
		{ "type": "county", "name": "Kitsap County" },
		{ "type": "county", "name": "Kittitas County" },
		{ "type": "county", "name": "Klickitat County" },
		{ "type": "county", "name": "Lewis County" },
		{ "type": "county", "name": "Lincoln County" },
		{ "type": "county", "name": "Mason County" },
		{ "type": "county", "name": "Orleans County" },
		{ "type": "county", "name": "Okanogan County" },
		{ "type": "county", "name": "Pacific County" },
		{ "type": "county", "name": "Pend Oreille County" },
		{ "type": "county", "name": "Pierce County" },
		{ "type": "county", "name": "San Juan County" },
		{ "type": "county", "name": "Skagit County" },
		{ "type": "county", "name": "Skamania County" },
		{ "type": "county", "name": "Snohomish County" },
		{ "type": "county", "name": "Spokane County" },
		{ "type": "county", "name": "Stevens County" },
		{ "type": "county", "name": "Thurston County" },
		{ "type": "county", "name": "Wahkiakum County" },
		{ "type": "county", "name": "Walla Walla County" },
		{ "type": "county", "name": "Whatcom County" },
		{ "type": "county", "name": "Whitman County" },
		{ "type": "county", "name": "Yakima County" }
	]
},
{
	"name": {
		"common": "Wyoming",
		"native": {
			"en": {
				"common": "Wyoming"
			}
		}
	},
	"type": "state",
	"divisions": [
		{ "type": "county", "name": "Albany County" },
		{ "type": "county", "name": "Big Horn County" },
		{ "type": "county", "name": "Campbell County" },
		{ "type": "county", "name": "Carbon County" },
		{ "type": "county", "name": "Converse County" },
		{ "type": "county", "name": "Crook County" },
		{ "type": "county", "name": "Fremont County" },
		{ "type": "county", "name": "Goshen County" },
		{ "type": "county", "name": "Hot Springs County" },
		{ "type": "county", "name": "Johnson County" },
		{ "type": "county", "name": "Laramie County" },
		{ "type": "county", "name": "Lincoln County" },
		{ "type": "county", "name": "Natrona County" },
		{ "type": "county", "name": "Niobrara County" },
		{ "type": "county", "name": "Park County" },
		{ "type": "county", "name": "Platte County" },
		{ "type": "county", "name": "Sheridan County" },
		{ "type": "county", "name": "Sublette County" },
		{ "type": "county", "name": "Sweetwater County" },
		{ "type": "county", "name": "Teton County" },
		{ "type": "county", "name": "Uinta County" },
		{ "type": "county", "name": "Washakie County" },
		{ "type": "county", "name": "Weston County" }
	]
},